{"cameraMode":{"drawMode":2,"name":"Shaded Wireframe","section":"Shading Mode"},"sceneLighting":true,"audioPlay":false,"sceneViewState":{"showFog":true,"showMaterialUpdate":true,"showSkybox":true,"showFlares":true,"showImageEffects":true,"showParticleSystems":true},"in2DMode":false,"pivot":{"x":570.815673828125,"y":158.28273010253907,"z":-32.368751525878909},"rotation":{"x":0.06505271792411804,"y":0.020965728908777238,"z":-0.0013669072650372983,"w":0.9976606369018555},"size":705.5385131835938,"orthographic":false}