{"cameraMode":{"drawMode":2,"name":"Shaded Wireframe","section":"Shading Mode"},"sceneLighting":false,"audioPlay":false,"sceneViewState":{"showFog":true,"showMaterialUpdate":true,"showSkybox":false,"showFlares":true,"showImageEffects":true,"showParticleSystems":true},"in2DMode":false,"pivot":{"x":-3.1810643672943117,"y":2.743792772293091,"z":-1.9005134105682374},"rotation":{"x":-0.249193012714386,"y":-0.5907689332962036,"z":0.1986042708158493,"w":-0.7412497997283936},"size":2.8578836917877199,"orthographic":false}